,year,scl,ccl,weight_kg,source,size_class
1,1995,69.4,92.6,41.7,Seminoff,adult
2,1995,65.2,76.5,38.1,Seminoff,juvenile
3,1995,78.4,81,63,Seminoff,juvenile
4,1996,81.5,86,74.4,Seminoff,adult
5,1996,85.9,91.4,93,Seminoff,adult
6,1996,76.4,80.8,57.2,Seminoff,juvenile
7,1996,76.9,80.3,67.1,Seminoff,juvenile
8,1996,85,90.6,88,Seminoff,adult
9,1996,77.6,83.2,69.9,Seminoff,adult
10,1996,71,77.2,51.3,Seminoff,juvenile
11,1996,73.7,78.3,55.8,Seminoff,juvenile
12,1996,72,76.9,45.8,Seminoff,juvenile
13,1996,91.2,96.9,99.8,Seminoff,adult
14,1996,85.1,90.2,86.6,Seminoff,adult
15,1996,66.6,70.6,39.5,Seminoff,juvenile
16,1996,48.2,51.1,14.1,Seminoff,juvenile
17,1996,96.6,102.6,121.6,Seminoff,adult
18,1996,83.7,89,84.8,Seminoff,adult
19,1996,80.6,85.8,70.3,Seminoff,adult
20,1996,87.3,91.4,93,Seminoff,adult
21,1996,86,90.3,95.3,Seminoff,adult
22,1996,91.9,97,115.7,Seminoff,adult
23,1996,82.5,86.6,76.2,Seminoff,adult
24,1996,77,82.3,63,Seminoff,adult
25,1996,84,87.6,77.1,Seminoff,adult
26,1996,77.7,94.4,66.7,Seminoff,adult
27,1996,75,79.6,51.7,Seminoff,juvenile
28,1996,65.9,70.9,47.6,Seminoff,juvenile
29,1996,74.3,79.7,59.4,Seminoff,juvenile
30,1996,74.9,79.2,59.4,Seminoff,juvenile
31,1996,61.9,66,37.6,Seminoff,juvenile
32,1996,80.8,84.5,61.2,Seminoff,adult
33,1996,77.3,82.4,61.2,Seminoff,adult
34,1996,80.6,85.8,76.7,Seminoff,adult
35,1996,100,104,130,Seminoff,adult
36,1997,74.7,79.8,36.2,Seminoff,juvenile
37,1997,73.9,77.9,35.3,Seminoff,juvenile
38,1997,73.6,78.5,35.6,Seminoff,juvenile
39,1997,89.2,93.4,42.4,Seminoff,adult
40,1997,88.7,96.1,43.6,Seminoff,adult
41,1997,74.5,80.8,36.7,Seminoff,juvenile
42,1997,69.2,73.1,33.2,Seminoff,juvenile
43,1997,68.4,72.3,32.8,Seminoff,juvenile
44,1997,81.6,87.1,39.5,Seminoff,adult
45,1997,83.7,89.8,40.7,Seminoff,adult
46,1997,65.8,68.6,31.1,Seminoff,juvenile
47,1997,72.5,86.8,39.4,Seminoff,adult
48,1997,77.3,82.6,37.5,Seminoff,adult
49,1997,70.1,74.5,33.8,Seminoff,juvenile
50,1997,69.4,76.6,34.7,Seminoff,juvenile
51,1997,77.7,84.9,38.5,Seminoff,adult
52,1997,77.6,81.2,36.8,Seminoff,juvenile
53,1997,74.7,78.8,35.7,Seminoff,juvenile
54,1997,73.8,79.5,36.1,Seminoff,juvenile
55,1997,70.4,74.3,33.7,Seminoff,juvenile
56,1997,68.2,73,33.1,Seminoff,juvenile
57,1997,73.7,79.4,36,Seminoff,juvenile
58,1997,72.1,76,34.5,Seminoff,juvenile
59,1997,93.8,99.9,45.3,Seminoff,adult
60,1998,83,88.5,75.3,Seminoff,adult
61,1998,86,90.2,85.3,Seminoff,adult
62,1998,79,83.6,63,Seminoff,adult
63,1998,90.8,98.4,104.3,Seminoff,adult
64,1998,77.4,83.8,59.4,Seminoff,adult
65,1998,88.5,93.6,94.8,Seminoff,adult
66,1998,77.5,81.9,70.3,Seminoff,juvenile
67,1998,65.2,68.7,40.8,Seminoff,juvenile
68,1998,86.7,90.5,89.4,Seminoff,adult
69,1998,77.8,82,59,Seminoff,juvenile
70,1998,69,74.5,45.4,Seminoff,juvenile
71,1998,69.8,73,51.7,Seminoff,juvenile
72,1998,74.9,81.6,54.4,Seminoff,juvenile
73,1998,72.3,77.2,61.7,Seminoff,juvenile
74,1998,87,94.4,99.3,Seminoff,adult
75,1998,80.1,86.3,68,Seminoff,adult
76,1998,84.3,90.2,85.7,Seminoff,adult
77,1998,65.3,68.5,40.8,Seminoff,juvenile
78,1998,87.1,93,82.6,Seminoff,adult
79,1998,75.5,79.5,71.2,Seminoff,juvenile
80,1998,80,85,71.7,Seminoff,adult
81,1998,86,92,88,Seminoff,adult
82,1998,86.5,92,86.6,Seminoff,adult
83,1998,65.2,70,40.8,Seminoff,juvenile
84,1998,87,91,95.3,Seminoff,adult
85,1998,79.4,84,78,Seminoff,adult
86,1998,86.7,90.8,95.3,Seminoff,adult
87,1998,60,63.3,35.8,Seminoff,juvenile
88,1998,85.1,91.7,92.5,Seminoff,adult
89,1998,80.4,85.2,71.7,Seminoff,adult
90,1998,85.7,90.2,100.7,Seminoff,adult
91,1998,76.7,81.4,70.8,Seminoff,juvenile
92,1998,80.2,85.6,81.6,Seminoff,adult
93,1998,94.7,100.5,111.6,Seminoff,adult
94,1998,74,79.1,54,Seminoff,juvenile
95,1998,74.6,79.7,53.1,Seminoff,juvenile
96,1998,75.8,81.2,61.7,Seminoff,juvenile
97,1998,90.7,96.9,108.4,Seminoff,adult
98,1998,85.1,88.8,84.4,Seminoff,adult
99,1998,77.7,81.5,57.2,Seminoff,juvenile
100,1999,77.7,82.7,64,Seminoff,adult
101,1999,82.5,87,74.8,Seminoff,adult
102,1999,92.5,98.1,102.1,Seminoff,adult
103,1999,87,92.4,83.9,Seminoff,adult
104,1999,72.1,77,49.9,Seminoff,juvenile
105,1999,78,83.8,57.6,Seminoff,adult
106,1999,77.4,82.1,62.6,Seminoff,adult
107,1999,66.3,71.3,34,Seminoff,juvenile
108,1999,72.3,76.9,59,Seminoff,juvenile
109,1999,73.6,79,59,Seminoff,juvenile
110,1999,50.9,54,16.8,Seminoff,juvenile
111,1999,82.8,88.8,77.6,Seminoff,adult
112,1999,71.3,77.6,60.8,Seminoff,juvenile
113,1999,87.1,93.3,101.6,Seminoff,adult
114,1999,67.5,71.1,44,Seminoff,juvenile
115,1999,90.6,96,102.1,Seminoff,adult
116,1999,79.6,83.8,60.3,Seminoff,adult
117,1999,76.1,82.9,56.7,Seminoff,adult
118,1999,65.9,70.9,40.8,Seminoff,juvenile
119,1999,81.4,90,77.1,Seminoff,adult
120,1999,89.4,93.5,86.2,Seminoff,adult
121,1999,73,78,54.4,Seminoff,juvenile
122,1999,81.9,88.2,83.5,Seminoff,adult
123,1999,91.9,97,101.2,Seminoff,adult
124,1999,86.7,92.4,101.6,Seminoff,adult
125,1999,72.4,78,51.7,Seminoff,juvenile
126,1999,89,95.1,90.3,Seminoff,adult
127,1999,65.8,71,36.3,Seminoff,juvenile
128,1999,72,79,59,Seminoff,juvenile
129,1999,64.1,68.9,38.6,Seminoff,juvenile
130,1999,73.8,77.5,59,Seminoff,juvenile
131,1999,80.2,86,70.8,Seminoff,adult
132,1999,66.6,71.3,47.6,Seminoff,juvenile
133,1999,58,61.8,27.2,Seminoff,juvenile
134,1999,63,67,36.7,Seminoff,juvenile
135,1999,65.4,70.4,44,Seminoff,juvenile
136,1999,78.9,84.7,64.4,Seminoff,adult
137,1999,55.9,60.2,22.7,Seminoff,juvenile
138,1999,65.8,70.7,37.2,Seminoff,juvenile
139,2000,88.7,94.4,111.1,Seminoff,adult
140,2000,68.1,72.4,40.8,Seminoff,juvenile
141,2000,79.2,85.6,73,Seminoff,adult
142,2000,64.7,68.2,36.3,Seminoff,juvenile
143,2000,70.5,75,54.4,Seminoff,juvenile
144,2000,77.6,84.4,70.3,Seminoff,adult
145,2000,77.5,79.6,68,Seminoff,juvenile
146,2000,65.3,69.5,38.6,Seminoff,juvenile
147,2000,96.7,103,118.8,Seminoff,adult
148,2000,82.1,88,74.8,Seminoff,adult
149,2000,71.6,76,56.7,Seminoff,juvenile
150,2000,68.4,72.4,49.9,Seminoff,juvenile
151,2000,64.9,68,38.6,Seminoff,juvenile
152,2001,86,90.5,111.1,Seminoff,adult
153,2001,92.7,96.5,65.8,Seminoff,adult
154,2001,92.8,98.8,36.3,Seminoff,adult
155,2001,70,74.6,54.4,Seminoff,juvenile
156,2001,59.1,63.4,70.3,Seminoff,juvenile
157,2001,61.1,68.5,68,Seminoff,juvenile
158,2001,63.4,67.3,38.6,Seminoff,juvenile
159,2001,70.5,74.5,49.4,Seminoff,juvenile
160,2001,53.8,68.2,118.8,Seminoff,juvenile
161,2001,78.4,85.3,85.7,Seminoff,adult
162,2001,99,104.3,74.8,Seminoff,adult
163,2001,52.9,56.1,56.7,Seminoff,juvenile
164,2001,82,88.5,49.9,Seminoff,adult
165,2001,62.7,65.6,38.6,Seminoff,juvenile
166,2001,64.5,67.6,107.5,Seminoff,juvenile
167,2001,69.9,74.7,120.2,Seminoff,juvenile
168,2002,66.2,71.1,39.5,Seminoff,juvenile
169,2002,80.4,85.2,68,Seminoff,adult
170,2002,75.5,81.2,55.8,Seminoff,juvenile
171,2002,83.5,92.9,115.2,Seminoff,adult
172,2002,57.5,59.6,27.2,Seminoff,juvenile
173,2002,63.7,69.1,37.6,Seminoff,juvenile
174,2002,68.5,71.4,49.9,Seminoff,juvenile
175,2002,84.4,88,68,Seminoff,adult
176,2002,63,67.3,37.6,Seminoff,juvenile
177,2002,89.4,94.2,106.6,Seminoff,adult
178,2002,65.2,69.3,37.2,Seminoff,juvenile
179,2002,73,78,47.6,Seminoff,juvenile
180,2002,64.5,68.6,38.6,Seminoff,juvenile
181,2002,57.7,61.1,24.5,Seminoff,juvenile
182,2002,85.2,98,90.7,Seminoff,adult
183,2002,80.5,88.7,87.1,Seminoff,adult
184,2002,66.4,71.5,49.4,Seminoff,juvenile
185,2002,70,74.7,45.8,Seminoff,juvenile
186,2002,68.5,74,45.4,Seminoff,juvenile
187,2002,68.1,73,47.6,Seminoff,juvenile
188,2003,71.5,77.2,48.8,Seminoff,juvenile
189,2003,61.2,64.4,30.4,Seminoff,juvenile
190,2003,79.8,85.9,64.4,Seminoff,adult
191,2003,75.3,79.4,62.1,Seminoff,juvenile
192,2003,82.3,89.8,90.7,Seminoff,adult
193,2003,83.2,88.4,68.5,Seminoff,adult
194,2003,65.9,71.6,40.4,Seminoff,juvenile
195,2003,79,85.6,63.5,Seminoff,adult
196,2003,87.9,94.8,86.2,Seminoff,adult
197,2003,65,71,45.8,Seminoff,juvenile
198,2003,59,64.5,29,Seminoff,juvenile
199,2003,75.9,81.2,63.5,Seminoff,juvenile
200,2003,65.1,69,34,Seminoff,juvenile
201,2003,86.9,93.3,82.6,Seminoff,adult
202,2003,72.6,78.1,52.2,Seminoff,juvenile
203,2003,71.2,82.7,56.2,Seminoff,adult
204,2003,63.9,68.1,32.2,Seminoff,juvenile
205,2003,79.7,86.1,71.2,Seminoff,adult
206,2003,91.6,98.5,103.4,Seminoff,adult
207,2004,68,74.1,49,Seminoff,juvenile
208,2004,64.5,68.2,36.3,Seminoff,juvenile
209,2004,68.7,75.3,44.5,Seminoff,juvenile
210,2004,79.9,85.1,73.9,Seminoff,adult
211,2004,60.8,64.8,29,Seminoff,juvenile
212,2004,86,93.8,81.6,Seminoff,adult
213,2004,81,87.5,70.8,Seminoff,adult
214,2004,75.9,82,58.5,Seminoff,juvenile
215,2004,64.4,70.2,44,Seminoff,juvenile
216,2004,94.3,99.6,103,Seminoff,adult
217,2004,66,70.5,36.7,Seminoff,juvenile
218,2004,69.5,74.9,54,Seminoff,juvenile
219,2004,89.8,96,88.5,Seminoff,adult
220,2004,91.8,98.9,102.5,Seminoff,adult
221,2004,88.4,97,109.3,Seminoff,adult
222,2004,67.6,72.4,41.7,Seminoff,juvenile
223,2004,71.1,77.4,47.6,Seminoff,juvenile
224,2004,65.1,68.5,40.8,Seminoff,juvenile
225,2004,70.2,74.8,49,Seminoff,juvenile
226,2004,84.1,89.5,83.9,Seminoff,adult
227,2004,64.6,70,43.1,Seminoff,juvenile
228,2004,50.1,54.2,15.9,Seminoff,juvenile
229,2004,71.9,76,55.8,Seminoff,juvenile
230,2004,71.3,76.2,45.8,Seminoff,juvenile
231,2004,72,75.7,52.2,Seminoff,juvenile
232,2004,65.8,70.3,38.6,Seminoff,juvenile
233,2004,76.2,80,51.7,Seminoff,juvenile
234,2004,72.4,75.8,45.8,Seminoff,juvenile
235,2004,58,62.3,25.9,Seminoff,juvenile
236,2004,66.3,70.5,45.4,Seminoff,juvenile
237,2004,70.6,75.7,46.7,Seminoff,juvenile
238,2004,75.9,80.7,68,Seminoff,juvenile
239,2004,80.2,85.8,79.4,Seminoff,adult
240,2005,91,95.5,116.1,Comisión Nacional de Áreas Naturales Protegidas & Grupo Tortuguero de Bahía de los Ángeles ,adult
241,2005,80.9,86,64.6,Comisión Nacional de Áreas Naturales Protegidas & Grupo Tortuguero de Bahía de los Ángeles ,adult
242,2005,72.8,76.7,48,Comisión Nacional de Áreas Naturales Protegidas & Grupo Tortuguero de Bahía de los Ángeles ,juvenile
243,2005,89.1,95.8,94.3,Comisión Nacional de Áreas Naturales Protegidas & Grupo Tortuguero de Bahía de los Ángeles ,adult
244,2005,58.4,61.6,24.8,Comisión Nacional de Áreas Naturales Protegidas & Grupo Tortuguero de Bahía de los Ángeles ,juvenile
245,2005,72.9,78.3,54,Comisión Nacional de Áreas Naturales Protegidas & Grupo Tortuguero de Bahía de los Ángeles ,juvenile
246,2005,82,88.1,70,Comisión Nacional de Áreas Naturales Protegidas & Grupo Tortuguero de Bahía de los Ángeles ,adult
247,2005,81.6,87.4,73.1,Comisión Nacional de Áreas Naturales Protegidas & Grupo Tortuguero de Bahía de los Ángeles ,adult
248,2005,95.6,103.4,114.9,Comisión Nacional de Áreas Naturales Protegidas & Grupo Tortuguero de Bahía de los Ángeles ,adult
249,2005,95.8,102.2,116.1,Comisión Nacional de Áreas Naturales Protegidas & Grupo Tortuguero de Bahía de los Ángeles ,adult
250,2005,70.8,85.5,70.8,Comisión Nacional de Áreas Naturales Protegidas & Grupo Tortuguero de Bahía de los Ángeles ,adult
251,2005,67.8,72.5,45.8,Comisión Nacional de Áreas Naturales Protegidas & Grupo Tortuguero de Bahía de los Ángeles ,juvenile
252,2005,70,74.5,46,Comisión Nacional de Áreas Naturales Protegidas & Grupo Tortuguero de Bahía de los Ángeles ,juvenile
253,2005,67.9,72,40.3,Comisión Nacional de Áreas Naturales Protegidas & Grupo Tortuguero de Bahía de los Ángeles ,juvenile
254,2005,67.7,71.8,41.1,Comisión Nacional de Áreas Naturales Protegidas & Grupo Tortuguero de Bahía de los Ángeles ,juvenile
255,2005,87.3,92.8,80.9,Comisión Nacional de Áreas Naturales Protegidas & Grupo Tortuguero de Bahía de los Ángeles ,adult
256,2005,50.1,68.7,32,Comisión Nacional de Áreas Naturales Protegidas & Grupo Tortuguero de Bahía de los Ángeles ,juvenile
257,2005,85.8,91.4,89.4,Comisión Nacional de Áreas Naturales Protegidas & Grupo Tortuguero de Bahía de los Ángeles ,adult
258,2005,74,77.5,56,Comisión Nacional de Áreas Naturales Protegidas & Grupo Tortuguero de Bahía de los Ángeles ,juvenile
259,2005,81.4,87,82.8,Comisión Nacional de Áreas Naturales Protegidas & Grupo Tortuguero de Bahía de los Ángeles ,adult
260,2005,59,63.1,27.8,Comisión Nacional de Áreas Naturales Protegidas & Grupo Tortuguero de Bahía de los Ángeles ,juvenile
261,2005,73,78.2,53,Comisión Nacional de Áreas Naturales Protegidas & Grupo Tortuguero de Bahía de los Ángeles ,juvenile
262,2005,66.6,70.5,46.2,Comisión Nacional de Áreas Naturales Protegidas & Grupo Tortuguero de Bahía de los Ángeles ,juvenile
263,2005,80.7,84.5,61.8,Comisión Nacional de Áreas Naturales Protegidas & Grupo Tortuguero de Bahía de los Ángeles ,adult
264,2005,87.7,93,105.1,Comisión Nacional de Áreas Naturales Protegidas & Grupo Tortuguero de Bahía de los Ángeles ,adult
265,2005,56.8,61.5,26.8,Comisión Nacional de Áreas Naturales Protegidas & Grupo Tortuguero de Bahía de los Ángeles ,juvenile
266,2005,79.5,86.7,67.6,Comisión Nacional de Áreas Naturales Protegidas & Grupo Tortuguero de Bahía de los Ángeles ,adult
267,2005,79.7,86.4,72,Comisión Nacional de Áreas Naturales Protegidas & Grupo Tortuguero de Bahía de los Ángeles ,adult
268,2005,75,80.4,52.2,Comisión Nacional de Áreas Naturales Protegidas & Grupo Tortuguero de Bahía de los Ángeles ,juvenile
269,2005,74.2,80,52,Comisión Nacional de Áreas Naturales Protegidas & Grupo Tortuguero de Bahía de los Ángeles ,juvenile
270,2005,75.3,81.2,64.1,Comisión Nacional de Áreas Naturales Protegidas & Grupo Tortuguero de Bahía de los Ángeles ,juvenile
271,2005,75.9,81.4,60.9,Comisión Nacional de Áreas Naturales Protegidas & Grupo Tortuguero de Bahía de los Ángeles ,juvenile
272,2005,70.9,76.5,53.4,Comisión Nacional de Áreas Naturales Protegidas & Grupo Tortuguero de Bahía de los Ángeles ,juvenile
273,2005,77.1,83,59.6,Comisión Nacional de Áreas Naturales Protegidas & Grupo Tortuguero de Bahía de los Ángeles ,adult
274,2005,67.5,73.8,42.3,Comisión Nacional de Áreas Naturales Protegidas & Grupo Tortuguero de Bahía de los Ángeles ,juvenile
275,2005,70.9,75.5,46.4,Comisión Nacional de Áreas Naturales Protegidas & Grupo Tortuguero de Bahía de los Ángeles ,juvenile
276,2005,89,97.2,99.1,Comisión Nacional de Áreas Naturales Protegidas & Grupo Tortuguero de Bahía de los Ángeles ,adult
277,2005,59.5,63.1,26.9,Comisión Nacional de Áreas Naturales Protegidas & Grupo Tortuguero de Bahía de los Ángeles ,juvenile
278,2005,81.8,88.7,77.8,Comisión Nacional de Áreas Naturales Protegidas & Grupo Tortuguero de Bahía de los Ángeles ,adult
279,2005,87.1,95,108.6,Comisión Nacional de Áreas Naturales Protegidas & Grupo Tortuguero de Bahía de los Ángeles ,adult
280,2005,82.1,89,71.9,Comisión Nacional de Áreas Naturales Protegidas & Grupo Tortuguero de Bahía de los Ángeles ,adult
281,2005,59.3,64.3,29,Comisión Nacional de Áreas Naturales Protegidas & Grupo Tortuguero de Bahía de los Ángeles ,juvenile
282,2005,67.4,72.1,48.8,Comisión Nacional de Áreas Naturales Protegidas & Grupo Tortuguero de Bahía de los Ángeles ,juvenile
283,2005,72.4,77.5,52.8,Comisión Nacional de Áreas Naturales Protegidas & Grupo Tortuguero de Bahía de los Ángeles ,juvenile
284,2005,71.7,77.7,57.8,Comisión Nacional de Áreas Naturales Protegidas & Grupo Tortuguero de Bahía de los Ángeles ,juvenile
285,2005,68.1,73.5,44.6,Comisión Nacional de Áreas Naturales Protegidas & Grupo Tortuguero de Bahía de los Ángeles ,juvenile
286,2005,59.4,68.6,28,Comisión Nacional de Áreas Naturales Protegidas & Grupo Tortuguero de Bahía de los Ángeles ,juvenile
287,2005,75.7,81.9,52,Comisión Nacional de Áreas Naturales Protegidas & Grupo Tortuguero de Bahía de los Ángeles ,juvenile
288,2005,78.2,84.1,71.2,Comisión Nacional de Áreas Naturales Protegidas & Grupo Tortuguero de Bahía de los Ángeles ,adult
289,2005,75.3,81,52,Comisión Nacional de Áreas Naturales Protegidas & Grupo Tortuguero de Bahía de los Ángeles ,juvenile
290,2009,90,95,80,Comisión Nacional de Áreas Naturales Protegidas & Grupo Tortuguero de Bahía de los Ángeles ,adult
291,2009,72,80,30,Comisión Nacional de Áreas Naturales Protegidas & Grupo Tortuguero de Bahía de los Ángeles ,juvenile
292,2009,63,69,25,Comisión Nacional de Áreas Naturales Protegidas & Grupo Tortuguero de Bahía de los Ángeles ,juvenile
293,2009,53,57,20,Comisión Nacional de Áreas Naturales Protegidas & Grupo Tortuguero de Bahía de los Ángeles ,juvenile
294,2009,67.7,72,40,Comisión Nacional de Áreas Naturales Protegidas & Grupo Tortuguero de Bahía de los Ángeles ,juvenile
295,2009,79,84.5,65,Comisión Nacional de Áreas Naturales Protegidas & Grupo Tortuguero de Bahía de los Ángeles ,adult
296,2009,86.6,97,90,Comisión Nacional de Áreas Naturales Protegidas & Grupo Tortuguero de Bahía de los Ángeles ,adult
297,2009,83.6,88.3,68,Comisión Nacional de Áreas Naturales Protegidas & Grupo Tortuguero de Bahía de los Ángeles ,adult
298,2009,69.4,73,45,Comisión Nacional de Áreas Naturales Protegidas & Grupo Tortuguero de Bahía de los Ángeles ,juvenile
299,2009,83.2,89.5,87,Comisión Nacional de Áreas Naturales Protegidas & Grupo Tortuguero de Bahía de los Ángeles ,adult
300,2009,81.2,86,84.5,Comisión Nacional de Áreas Naturales Protegidas & Grupo Tortuguero de Bahía de los Ángeles ,adult
301,2009,70.2,74.9,41,Comisión Nacional de Áreas Naturales Protegidas & Grupo Tortuguero de Bahía de los Ángeles ,juvenile
302,2009,68.6,73,50,Comisión Nacional de Áreas Naturales Protegidas & Grupo Tortuguero de Bahía de los Ángeles ,juvenile
303,2009,70,73.8,45,Comisión Nacional de Áreas Naturales Protegidas & Grupo Tortuguero de Bahía de los Ángeles ,juvenile
304,2009,96.7,102.5,121,Comisión Nacional de Áreas Naturales Protegidas & Grupo Tortuguero de Bahía de los Ángeles ,adult
305,2010,91.6,96,96,Comisión Nacional de Áreas Naturales Protegidas & Grupo Tortuguero de Bahía de los Ángeles ,adult
306,2010,96.5,101,128,Comisión Nacional de Áreas Naturales Protegidas & Grupo Tortuguero de Bahía de los Ángeles ,adult
307,2010,73,76.8,50,Comisión Nacional de Áreas Naturales Protegidas & Grupo Tortuguero de Bahía de los Ángeles ,juvenile
308,2010,73.4,79.5,63,Comisión Nacional de Áreas Naturales Protegidas & Grupo Tortuguero de Bahía de los Ángeles ,juvenile
309,2010,71.5,76,53,Comisión Nacional de Áreas Naturales Protegidas & Grupo Tortuguero de Bahía de los Ángeles ,juvenile
310,2010,73,78,53,Comisión Nacional de Áreas Naturales Protegidas & Grupo Tortuguero de Bahía de los Ángeles ,juvenile
311,2010,64.5,68,37,Comisión Nacional de Áreas Naturales Protegidas & Grupo Tortuguero de Bahía de los Ángeles ,juvenile
312,2010,70.5,77.5,43,Comisión Nacional de Áreas Naturales Protegidas & Grupo Tortuguero de Bahía de los Ángeles ,juvenile
313,2010,85,86.5,81,Comisión Nacional de Áreas Naturales Protegidas & Grupo Tortuguero de Bahía de los Ángeles ,adult
314,2010,68,72,37,Comisión Nacional de Áreas Naturales Protegidas & Grupo Tortuguero de Bahía de los Ángeles ,juvenile
315,2010,55.5,79,59,Comisión Nacional de Áreas Naturales Protegidas & Grupo Tortuguero de Bahía de los Ángeles ,juvenile
316,2010,68,71,39,Comisión Nacional de Áreas Naturales Protegidas & Grupo Tortuguero de Bahía de los Ángeles ,juvenile
317,2010,92.5,98,110,Comisión Nacional de Áreas Naturales Protegidas & Grupo Tortuguero de Bahía de los Ángeles ,adult
318,2010,69,74,45,Comisión Nacional de Áreas Naturales Protegidas & Grupo Tortuguero de Bahía de los Ángeles ,juvenile
319,2010,58,62,22,Comisión Nacional de Áreas Naturales Protegidas & Grupo Tortuguero de Bahía de los Ángeles ,juvenile
320,2010,89,94,104,Comisión Nacional de Áreas Naturales Protegidas & Grupo Tortuguero de Bahía de los Ángeles ,adult
321,2010,67.5,72,42,Comisión Nacional de Áreas Naturales Protegidas & Grupo Tortuguero de Bahía de los Ángeles ,juvenile
322,2010,61,65,28,Comisión Nacional de Áreas Naturales Protegidas & Grupo Tortuguero de Bahía de los Ángeles ,juvenile
323,2010,66,70,33,Comisión Nacional de Áreas Naturales Protegidas & Grupo Tortuguero de Bahía de los Ángeles ,juvenile
324,2010,75,82,63,Comisión Nacional de Áreas Naturales Protegidas & Grupo Tortuguero de Bahía de los Ángeles ,juvenile
325,2010,78,89,73,Comisión Nacional de Áreas Naturales Protegidas & Grupo Tortuguero de Bahía de los Ángeles ,adult
326,2010,85.5,92.5,93,Comisión Nacional de Áreas Naturales Protegidas & Grupo Tortuguero de Bahía de los Ángeles ,adult
327,2010,66.5,70,33,Comisión Nacional de Áreas Naturales Protegidas & Grupo Tortuguero de Bahía de los Ángeles ,juvenile
328,2010,63,66,33,Comisión Nacional de Áreas Naturales Protegidas & Grupo Tortuguero de Bahía de los Ángeles ,juvenile
329,2010,73,77,48,Comisión Nacional de Áreas Naturales Protegidas & Grupo Tortuguero de Bahía de los Ángeles ,juvenile
330,2010,73.7,77.5,41,Comisión Nacional de Áreas Naturales Protegidas & Grupo Tortuguero de Bahía de los Ángeles ,juvenile
331,2011,69,73,50,Comisión Nacional de Áreas Naturales Protegidas & Grupo Tortuguero de Bahía de los Ángeles ,juvenile
332,2011,83,87,85,Comisión Nacional de Áreas Naturales Protegidas & Grupo Tortuguero de Bahía de los Ángeles ,adult
333,2011,76,82,60,Comisión Nacional de Áreas Naturales Protegidas & Grupo Tortuguero de Bahía de los Ángeles ,juvenile
334,2011,64,67,35,Comisión Nacional de Áreas Naturales Protegidas & Grupo Tortuguero de Bahía de los Ángeles ,juvenile
335,2011,62,66,30,Comisión Nacional de Áreas Naturales Protegidas & Grupo Tortuguero de Bahía de los Ángeles ,juvenile
336,2011,88,95,100,Comisión Nacional de Áreas Naturales Protegidas & Grupo Tortuguero de Bahía de los Ángeles ,adult
337,2011,93,99,110,Comisión Nacional de Áreas Naturales Protegidas & Grupo Tortuguero de Bahía de los Ángeles ,adult
338,2011,67,72,35,Comisión Nacional de Áreas Naturales Protegidas & Grupo Tortuguero de Bahía de los Ángeles ,juvenile
339,2011,68,73,35,Comisión Nacional de Áreas Naturales Protegidas & Grupo Tortuguero de Bahía de los Ángeles ,juvenile
340,2011,81,87,75,Comisión Nacional de Áreas Naturales Protegidas & Grupo Tortuguero de Bahía de los Ángeles ,adult
341,2011,60,65,27,Comisión Nacional de Áreas Naturales Protegidas & Grupo Tortuguero de Bahía de los Ángeles ,juvenile
342,2011,64,70,37,Comisión Nacional de Áreas Naturales Protegidas & Grupo Tortuguero de Bahía de los Ángeles ,juvenile
343,2011,67,72,35,Comisión Nacional de Áreas Naturales Protegidas & Grupo Tortuguero de Bahía de los Ángeles ,juvenile
344,2011,59,62,28,Comisión Nacional de Áreas Naturales Protegidas & Grupo Tortuguero de Bahía de los Ángeles ,juvenile
345,2011,68,72,47,Comisión Nacional de Áreas Naturales Protegidas & Grupo Tortuguero de Bahía de los Ángeles ,juvenile
346,2011,87,95,95,Comisión Nacional de Áreas Naturales Protegidas & Grupo Tortuguero de Bahía de los Ángeles ,adult
347,2011,75,81,65,Comisión Nacional de Áreas Naturales Protegidas & Grupo Tortuguero de Bahía de los Ángeles ,juvenile
348,2011,62,65,32,Comisión Nacional de Áreas Naturales Protegidas & Grupo Tortuguero de Bahía de los Ángeles ,juvenile
349,2011,78,84,64,Comisión Nacional de Áreas Naturales Protegidas & Grupo Tortuguero de Bahía de los Ángeles ,adult
350,2011,62,67,32,Comisión Nacional de Áreas Naturales Protegidas & Grupo Tortuguero de Bahía de los Ángeles ,juvenile
351,2011,64,70,35,Comisión Nacional de Áreas Naturales Protegidas & Grupo Tortuguero de Bahía de los Ángeles ,juvenile
352,2011,81,85,72,Comisión Nacional de Áreas Naturales Protegidas & Grupo Tortuguero de Bahía de los Ángeles ,adult
353,2011,75,80,53,Comisión Nacional de Áreas Naturales Protegidas & Grupo Tortuguero de Bahía de los Ángeles ,juvenile
354,2011,59,64,30,Comisión Nacional de Áreas Naturales Protegidas & Grupo Tortuguero de Bahía de los Ángeles ,juvenile
355,2011,68,72,46,Comisión Nacional de Áreas Naturales Protegidas & Grupo Tortuguero de Bahía de los Ángeles ,juvenile
356,2011,67,73,40,Comisión Nacional de Áreas Naturales Protegidas & Grupo Tortuguero de Bahía de los Ángeles ,juvenile
357,2011,68.5,74,45,Comisión Nacional de Áreas Naturales Protegidas & Grupo Tortuguero de Bahía de los Ángeles ,juvenile
358,2011,84,90,90,Comisión Nacional de Áreas Naturales Protegidas & Grupo Tortuguero de Bahía de los Ángeles ,adult
359,2011,60,64.5,23,Comisión Nacional de Áreas Naturales Protegidas & Grupo Tortuguero de Bahía de los Ángeles ,juvenile
360,2011,67,70,37,Comisión Nacional de Áreas Naturales Protegidas & Grupo Tortuguero de Bahía de los Ángeles ,juvenile
361,2011,59.1,63,29,Comisión Nacional de Áreas Naturales Protegidas & Grupo Tortuguero de Bahía de los Ángeles ,juvenile
362,2011,72.6,76,49,Comisión Nacional de Áreas Naturales Protegidas & Grupo Tortuguero de Bahía de los Ángeles ,juvenile
363,2011,63.9,68,36,Comisión Nacional de Áreas Naturales Protegidas & Grupo Tortuguero de Bahía de los Ángeles ,juvenile
364,2011,72.1,77,47,Comisión Nacional de Áreas Naturales Protegidas & Grupo Tortuguero de Bahía de los Ángeles ,juvenile
365,2011,67.3,71,50,Comisión Nacional de Áreas Naturales Protegidas & Grupo Tortuguero de Bahía de los Ángeles ,juvenile
366,2011,61.9,65,32,Comisión Nacional de Áreas Naturales Protegidas & Grupo Tortuguero de Bahía de los Ángeles ,juvenile
367,2011,67.1,73,38,Comisión Nacional de Áreas Naturales Protegidas & Grupo Tortuguero de Bahía de los Ángeles ,juvenile
368,2011,77.2,81,71,Comisión Nacional de Áreas Naturales Protegidas & Grupo Tortuguero de Bahía de los Ángeles ,juvenile
369,2011,57.6,62,25,Comisión Nacional de Áreas Naturales Protegidas & Grupo Tortuguero de Bahía de los Ángeles ,juvenile
370,2011,70.5,76,47,Comisión Nacional de Áreas Naturales Protegidas & Grupo Tortuguero de Bahía de los Ángeles ,juvenile
371,2011,71.4,75,45,Comisión Nacional de Áreas Naturales Protegidas & Grupo Tortuguero de Bahía de los Ángeles ,juvenile
372,2011,69.5,74,40,Comisión Nacional de Áreas Naturales Protegidas & Grupo Tortuguero de Bahía de los Ángeles ,juvenile
373,2011,57.8,61,25,Comisión Nacional de Áreas Naturales Protegidas & Grupo Tortuguero de Bahía de los Ángeles ,juvenile
374,2011,61.3,64,29,Comisión Nacional de Áreas Naturales Protegidas & Grupo Tortuguero de Bahía de los Ángeles ,juvenile
375,2011,65.2,69,35,Comisión Nacional de Áreas Naturales Protegidas & Grupo Tortuguero de Bahía de los Ángeles ,juvenile
376,2011,62,66,29,Comisión Nacional de Áreas Naturales Protegidas & Grupo Tortuguero de Bahía de los Ángeles ,juvenile
377,2011,74,80,50,Comisión Nacional de Áreas Naturales Protegidas & Grupo Tortuguero de Bahía de los Ángeles ,juvenile
378,2011,83,88,80,Comisión Nacional de Áreas Naturales Protegidas & Grupo Tortuguero de Bahía de los Ángeles ,adult
379,2011,65,69,34,Comisión Nacional de Áreas Naturales Protegidas & Grupo Tortuguero de Bahía de los Ángeles ,juvenile
380,2011,61,67,35,Comisión Nacional de Áreas Naturales Protegidas & Grupo Tortuguero de Bahía de los Ángeles ,juvenile
381,2011,78,88,70,Comisión Nacional de Áreas Naturales Protegidas & Grupo Tortuguero de Bahía de los Ángeles ,adult
382,2011,69.5,75,44,Comisión Nacional de Áreas Naturales Protegidas & Grupo Tortuguero de Bahía de los Ángeles ,juvenile
383,2011,71,76,43,Comisión Nacional de Áreas Naturales Protegidas & Grupo Tortuguero de Bahía de los Ángeles ,juvenile
384,2011,75,80,50,Comisión Nacional de Áreas Naturales Protegidas & Grupo Tortuguero de Bahía de los Ángeles ,juvenile
385,2011,73,77,50,Comisión Nacional de Áreas Naturales Protegidas & Grupo Tortuguero de Bahía de los Ángeles ,juvenile
386,2011,58,62,25,Comisión Nacional de Áreas Naturales Protegidas & Grupo Tortuguero de Bahía de los Ángeles ,juvenile
387,2011,68,72,40,Comisión Nacional de Áreas Naturales Protegidas & Grupo Tortuguero de Bahía de los Ángeles ,juvenile
388,2011,68,73,44,Comisión Nacional de Áreas Naturales Protegidas & Grupo Tortuguero de Bahía de los Ángeles ,juvenile
389,2011,68,72,38,Comisión Nacional de Áreas Naturales Protegidas & Grupo Tortuguero de Bahía de los Ángeles ,juvenile
390,2011,89,93,94,Comisión Nacional de Áreas Naturales Protegidas & Grupo Tortuguero de Bahía de los Ángeles ,adult
391,2011,77,79,63,Comisión Nacional de Áreas Naturales Protegidas & Grupo Tortuguero de Bahía de los Ángeles ,juvenile
392,2011,86,91,80,Comisión Nacional de Áreas Naturales Protegidas & Grupo Tortuguero de Bahía de los Ángeles ,adult
393,2011,78,82,56,Comisión Nacional de Áreas Naturales Protegidas & Grupo Tortuguero de Bahía de los Ángeles ,juvenile
394,2012,88,93,76,Comisión Nacional de Áreas Naturales Protegidas & Grupo Tortuguero de Bahía de los Ángeles ,adult
395,2012,86,89,85,Comisión Nacional de Áreas Naturales Protegidas & Grupo Tortuguero de Bahía de los Ángeles ,adult
396,2012,85.5,91.5,85,Comisión Nacional de Áreas Naturales Protegidas & Grupo Tortuguero de Bahía de los Ángeles ,adult
397,2012,41,74,40,Comisión Nacional de Áreas Naturales Protegidas & Grupo Tortuguero de Bahía de los Ángeles ,juvenile
398,2012,95,99,113,Comisión Nacional de Áreas Naturales Protegidas & Grupo Tortuguero de Bahía de los Ángeles ,adult
399,2012,97,104,95,Comisión Nacional de Áreas Naturales Protegidas & Grupo Tortuguero de Bahía de los Ángeles ,adult
400,2012,67,70,40,Comisión Nacional de Áreas Naturales Protegidas & Grupo Tortuguero de Bahía de los Ángeles ,juvenile
401,2012,79,84,57,Comisión Nacional de Áreas Naturales Protegidas & Grupo Tortuguero de Bahía de los Ángeles ,adult
402,2012,75,79,57.5,Comisión Nacional de Áreas Naturales Protegidas & Grupo Tortuguero de Bahía de los Ángeles ,juvenile
403,2012,75,78.8,55,Comisión Nacional de Áreas Naturales Protegidas & Grupo Tortuguero de Bahía de los Ángeles ,juvenile
404,2012,64,69,32,Comisión Nacional de Áreas Naturales Protegidas & Grupo Tortuguero de Bahía de los Ángeles ,juvenile
405,2012,67.5,71,36,Comisión Nacional de Áreas Naturales Protegidas & Grupo Tortuguero de Bahía de los Ángeles ,juvenile
406,2012,80,83,75,Comisión Nacional de Áreas Naturales Protegidas & Grupo Tortuguero de Bahía de los Ángeles ,adult
407,2012,96,100,120,Comisión Nacional de Áreas Naturales Protegidas & Grupo Tortuguero de Bahía de los Ángeles ,adult
408,2012,76.5,81.5,56,Comisión Nacional de Áreas Naturales Protegidas & Grupo Tortuguero de Bahía de los Ángeles ,juvenile
409,2012,86,90.5,85,Comisión Nacional de Áreas Naturales Protegidas & Grupo Tortuguero de Bahía de los Ángeles ,adult
410,2012,75.5,83,65,Comisión Nacional de Áreas Naturales Protegidas & Grupo Tortuguero de Bahía de los Ángeles ,adult
411,2012,75,81.5,60,Comisión Nacional de Áreas Naturales Protegidas & Grupo Tortuguero de Bahía de los Ángeles ,juvenile
412,2012,66,71,35,Comisión Nacional de Áreas Naturales Protegidas & Grupo Tortuguero de Bahía de los Ángeles ,juvenile
413,2012,79,84,55,Comisión Nacional de Áreas Naturales Protegidas & Grupo Tortuguero de Bahía de los Ángeles ,adult
414,2012,73.5,80,55,Comisión Nacional de Áreas Naturales Protegidas & Grupo Tortuguero de Bahía de los Ángeles ,juvenile
415,2012,68,71,40,Comisión Nacional de Áreas Naturales Protegidas & Grupo Tortuguero de Bahía de los Ángeles ,juvenile
416,2012,67,71,36,Comisión Nacional de Áreas Naturales Protegidas & Grupo Tortuguero de Bahía de los Ángeles ,juvenile
417,2012,70,73,40,Comisión Nacional de Áreas Naturales Protegidas & Grupo Tortuguero de Bahía de los Ángeles ,juvenile
418,2012,83,92,82,Comisión Nacional de Áreas Naturales Protegidas & Grupo Tortuguero de Bahía de los Ángeles ,adult
419,2012,82,90,80,Comisión Nacional de Áreas Naturales Protegidas & Grupo Tortuguero de Bahía de los Ángeles ,adult
420,2012,89,95,110,Comisión Nacional de Áreas Naturales Protegidas & Grupo Tortuguero de Bahía de los Ángeles ,adult
421,2012,83,90,83,Comisión Nacional de Áreas Naturales Protegidas & Grupo Tortuguero de Bahía de los Ángeles ,adult
422,2012,69,74,42,Comisión Nacional de Áreas Naturales Protegidas & Grupo Tortuguero de Bahía de los Ángeles ,juvenile
423,2012,70.5,76,46.5,Comisión Nacional de Áreas Naturales Protegidas & Grupo Tortuguero de Bahía de los Ángeles ,juvenile
424,2012,67,73,42,Comisión Nacional de Áreas Naturales Protegidas & Grupo Tortuguero de Bahía de los Ángeles ,juvenile
425,2012,69,73,40,Comisión Nacional de Áreas Naturales Protegidas & Grupo Tortuguero de Bahía de los Ángeles ,juvenile
426,2012,80,86,63,Comisión Nacional de Áreas Naturales Protegidas & Grupo Tortuguero de Bahía de los Ángeles ,adult
427,2012,73,76,45,Comisión Nacional de Áreas Naturales Protegidas & Grupo Tortuguero de Bahía de los Ángeles ,juvenile
428,2012,64.5,68,37,Comisión Nacional de Áreas Naturales Protegidas & Grupo Tortuguero de Bahía de los Ángeles ,juvenile
429,2012,70,75,46,Comisión Nacional de Áreas Naturales Protegidas & Grupo Tortuguero de Bahía de los Ángeles ,juvenile
430,2012,75.5,80.5,56,Comisión Nacional de Áreas Naturales Protegidas & Grupo Tortuguero de Bahía de los Ángeles ,juvenile
431,2012,61,68,32,Comisión Nacional de Áreas Naturales Protegidas & Grupo Tortuguero de Bahía de los Ángeles ,juvenile
432,2012,68,72,45,Comisión Nacional de Áreas Naturales Protegidas & Grupo Tortuguero de Bahía de los Ángeles ,juvenile
433,2012,83,89,82,Comisión Nacional de Áreas Naturales Protegidas & Grupo Tortuguero de Bahía de los Ángeles ,adult
434,2012,81,86,65,Comisión Nacional de Áreas Naturales Protegidas & Grupo Tortuguero de Bahía de los Ángeles ,adult
435,2012,74,80,46,Comisión Nacional de Áreas Naturales Protegidas & Grupo Tortuguero de Bahía de los Ángeles ,juvenile
436,2012,66.5,71,42,Comisión Nacional de Áreas Naturales Protegidas & Grupo Tortuguero de Bahía de los Ángeles ,juvenile
437,2012,78.5,85,60,Comisión Nacional de Áreas Naturales Protegidas & Grupo Tortuguero de Bahía de los Ángeles ,adult
438,2012,93,99,96,Comisión Nacional de Áreas Naturales Protegidas & Grupo Tortuguero de Bahía de los Ángeles ,adult
439,2012,88.5,94,86,Comisión Nacional de Áreas Naturales Protegidas & Grupo Tortuguero de Bahía de los Ángeles ,adult
440,2012,80,85,61,Comisión Nacional de Áreas Naturales Protegidas & Grupo Tortuguero de Bahía de los Ángeles ,adult
441,2012,86,92,90,Comisión Nacional de Áreas Naturales Protegidas & Grupo Tortuguero de Bahía de los Ángeles ,adult
442,2012,89.5,98,93,Comisión Nacional de Áreas Naturales Protegidas & Grupo Tortuguero de Bahía de los Ángeles ,adult
443,2012,76,82,56,Comisión Nacional de Áreas Naturales Protegidas & Grupo Tortuguero de Bahía de los Ángeles ,juvenile
444,2012,69,73,39,Comisión Nacional de Áreas Naturales Protegidas & Grupo Tortuguero de Bahía de los Ángeles ,juvenile
445,2012,68,73,41,Comisión Nacional de Áreas Naturales Protegidas & Grupo Tortuguero de Bahía de los Ángeles ,juvenile
446,2012,62,66,34,Comisión Nacional de Áreas Naturales Protegidas & Grupo Tortuguero de Bahía de los Ángeles ,juvenile
447,2012,66,71,39,Comisión Nacional de Áreas Naturales Protegidas & Grupo Tortuguero de Bahía de los Ángeles ,juvenile
448,2012,66,72,40,Comisión Nacional de Áreas Naturales Protegidas & Grupo Tortuguero de Bahía de los Ángeles ,juvenile
449,2012,70.5,74,45,Comisión Nacional de Áreas Naturales Protegidas & Grupo Tortuguero de Bahía de los Ángeles ,juvenile
450,2012,94.5,101,120,Comisión Nacional de Áreas Naturales Protegidas & Grupo Tortuguero de Bahía de los Ángeles ,adult
451,2012,90.5,94,90,Comisión Nacional de Áreas Naturales Protegidas & Grupo Tortuguero de Bahía de los Ángeles ,adult
452,2012,72,78,49,Comisión Nacional de Áreas Naturales Protegidas & Grupo Tortuguero de Bahía de los Ángeles ,juvenile
453,2012,68,73,36,Comisión Nacional de Áreas Naturales Protegidas & Grupo Tortuguero de Bahía de los Ángeles ,juvenile
454,2012,70,74,45,Comisión Nacional de Áreas Naturales Protegidas & Grupo Tortuguero de Bahía de los Ángeles ,juvenile
455,2012,67,70,35,Comisión Nacional de Áreas Naturales Protegidas & Grupo Tortuguero de Bahía de los Ángeles ,juvenile
456,2012,73,80,55,Comisión Nacional de Áreas Naturales Protegidas & Grupo Tortuguero de Bahía de los Ángeles ,juvenile
457,2012,65,69,35,Comisión Nacional de Áreas Naturales Protegidas & Grupo Tortuguero de Bahía de los Ángeles ,juvenile
458,2012,71,80,65,Comisión Nacional de Áreas Naturales Protegidas & Grupo Tortuguero de Bahía de los Ángeles ,juvenile
459,2012,80,85,66,Comisión Nacional de Áreas Naturales Protegidas & Grupo Tortuguero de Bahía de los Ángeles ,adult
460,2012,68,72,37,Comisión Nacional de Áreas Naturales Protegidas & Grupo Tortuguero de Bahía de los Ángeles ,juvenile
461,2012,76.5,85,71,Comisión Nacional de Áreas Naturales Protegidas & Grupo Tortuguero de Bahía de los Ángeles ,adult
462,2012,89.5,97.5,90,Comisión Nacional de Áreas Naturales Protegidas & Grupo Tortuguero de Bahía de los Ángeles ,adult
463,2012,76,81,57,Comisión Nacional de Áreas Naturales Protegidas & Grupo Tortuguero de Bahía de los Ángeles ,juvenile
464,2012,82,89,85,Comisión Nacional de Áreas Naturales Protegidas & Grupo Tortuguero de Bahía de los Ángeles ,adult
465,2012,74,79,54,Comisión Nacional de Áreas Naturales Protegidas & Grupo Tortuguero de Bahía de los Ángeles ,juvenile
466,2012,102,109,134,Comisión Nacional de Áreas Naturales Protegidas & Grupo Tortuguero de Bahía de los Ángeles ,adult
467,2012,64,69,36,Comisión Nacional de Áreas Naturales Protegidas & Grupo Tortuguero de Bahía de los Ángeles ,juvenile
468,2012,88,94,80,Comisión Nacional de Áreas Naturales Protegidas & Grupo Tortuguero de Bahía de los Ángeles ,adult
469,2012,86,92,94,Comisión Nacional de Áreas Naturales Protegidas & Grupo Tortuguero de Bahía de los Ángeles ,adult
470,2012,56.5,59,24,Comisión Nacional de Áreas Naturales Protegidas & Grupo Tortuguero de Bahía de los Ángeles ,juvenile
471,2012,66.5,71,41,Comisión Nacional de Áreas Naturales Protegidas & Grupo Tortuguero de Bahía de los Ángeles ,juvenile
472,2012,59.5,63,28,Comisión Nacional de Áreas Naturales Protegidas & Grupo Tortuguero de Bahía de los Ángeles ,juvenile
473,2012,70.5,74,45,Comisión Nacional de Áreas Naturales Protegidas & Grupo Tortuguero de Bahía de los Ángeles ,juvenile
474,2012,81,88,77,Comisión Nacional de Áreas Naturales Protegidas & Grupo Tortuguero de Bahía de los Ángeles ,adult
475,2012,64,68,39,Comisión Nacional de Áreas Naturales Protegidas & Grupo Tortuguero de Bahía de los Ángeles ,juvenile
476,2012,65,70,41,Comisión Nacional de Áreas Naturales Protegidas & Grupo Tortuguero de Bahía de los Ángeles ,juvenile
477,2012,60,65,31,Comisión Nacional de Áreas Naturales Protegidas & Grupo Tortuguero de Bahía de los Ángeles ,juvenile
478,2012,78,85,60,Comisión Nacional de Áreas Naturales Protegidas & Grupo Tortuguero de Bahía de los Ángeles ,adult
479,2012,77.5,80,51,Comisión Nacional de Áreas Naturales Protegidas & Grupo Tortuguero de Bahía de los Ángeles ,juvenile
480,2012,70.5,77,55,Comisión Nacional de Áreas Naturales Protegidas & Grupo Tortuguero de Bahía de los Ángeles ,juvenile
481,2012,51,68,30,Comisión Nacional de Áreas Naturales Protegidas & Grupo Tortuguero de Bahía de los Ángeles ,juvenile
482,2012,96,102,118,Comisión Nacional de Áreas Naturales Protegidas & Grupo Tortuguero de Bahía de los Ángeles ,adult
483,2012,58.5,61,24,Comisión Nacional de Áreas Naturales Protegidas & Grupo Tortuguero de Bahía de los Ángeles ,juvenile
484,2012,51,54.5,16,Comisión Nacional de Áreas Naturales Protegidas & Grupo Tortuguero de Bahía de los Ángeles ,juvenile
485,2012,61,65.5,27,Comisión Nacional de Áreas Naturales Protegidas & Grupo Tortuguero de Bahía de los Ángeles ,juvenile
486,2012,65,71,37,Comisión Nacional de Áreas Naturales Protegidas & Grupo Tortuguero de Bahía de los Ángeles ,juvenile
487,2012,67.5,71,38,Comisión Nacional de Áreas Naturales Protegidas & Grupo Tortuguero de Bahía de los Ángeles ,juvenile
488,2012,73,78,58,Comisión Nacional de Áreas Naturales Protegidas & Grupo Tortuguero de Bahía de los Ángeles ,juvenile
489,2012,64,68,35,Comisión Nacional de Áreas Naturales Protegidas & Grupo Tortuguero de Bahía de los Ángeles ,juvenile
490,2012,58,64,27,Comisión Nacional de Áreas Naturales Protegidas & Grupo Tortuguero de Bahía de los Ángeles ,juvenile
491,2012,72.5,78,48,Comisión Nacional de Áreas Naturales Protegidas & Grupo Tortuguero de Bahía de los Ángeles ,juvenile
492,2012,88,93,85,Comisión Nacional de Áreas Naturales Protegidas & Grupo Tortuguero de Bahía de los Ángeles ,adult
493,2012,63.5,67,34,Comisión Nacional de Áreas Naturales Protegidas & Grupo Tortuguero de Bahía de los Ángeles ,juvenile
494,2012,70,76,42,Comisión Nacional de Áreas Naturales Protegidas & Grupo Tortuguero de Bahía de los Ángeles ,juvenile
495,2012,68,74,50,Comisión Nacional de Áreas Naturales Protegidas & Grupo Tortuguero de Bahía de los Ángeles ,juvenile
496,2012,69,72,43,Comisión Nacional de Áreas Naturales Protegidas & Grupo Tortuguero de Bahía de los Ángeles ,juvenile
497,2013,92,98,110,Comisión Nacional de Áreas Naturales Protegidas & Grupo Tortuguero de Bahía de los Ángeles ,adult
498,2013,84.7,92,79.4,Comisión Nacional de Áreas Naturales Protegidas & Grupo Tortuguero de Bahía de los Ángeles ,adult
499,2013,71,76.5,50,Comisión Nacional de Áreas Naturales Protegidas & Grupo Tortuguero de Bahía de los Ángeles ,juvenile
500,2013,86,90.7,85.5,Comisión Nacional de Áreas Naturales Protegidas & Grupo Tortuguero de Bahía de los Ángeles ,adult
501,2013,74.6,79,54,Comisión Nacional de Áreas Naturales Protegidas & Grupo Tortuguero de Bahía de los Ángeles ,juvenile
502,2013,95.9,103,107,Comisión Nacional de Áreas Naturales Protegidas & Grupo Tortuguero de Bahía de los Ángeles ,adult
503,2013,75.5,81,64,Comisión Nacional de Áreas Naturales Protegidas & Grupo Tortuguero de Bahía de los Ángeles ,juvenile
504,2013,66.8,72,39,Comisión Nacional de Áreas Naturales Protegidas & Grupo Tortuguero de Bahía de los Ángeles ,juvenile
505,2013,63.2,67.85,29,Comisión Nacional de Áreas Naturales Protegidas & Grupo Tortuguero de Bahía de los Ángeles ,juvenile
506,2013,86.6,93,100,Comisión Nacional de Áreas Naturales Protegidas & Grupo Tortuguero de Bahía de los Ángeles ,adult
507,2013,67.85,73.5,43,Comisión Nacional de Áreas Naturales Protegidas & Grupo Tortuguero de Bahía de los Ángeles ,juvenile
508,2013,83,89,70,Comisión Nacional de Áreas Naturales Protegidas & Grupo Tortuguero de Bahía de los Ángeles ,adult
509,2013,70.5,76,45,Comisión Nacional de Áreas Naturales Protegidas & Grupo Tortuguero de Bahía de los Ángeles ,juvenile
510,2013,62.5,66.5,32,Comisión Nacional de Áreas Naturales Protegidas & Grupo Tortuguero de Bahía de los Ángeles ,juvenile
511,2013,72.3,79,53,Comisión Nacional de Áreas Naturales Protegidas & Grupo Tortuguero de Bahía de los Ángeles ,juvenile
512,2013,68.7,73,46,Comisión Nacional de Áreas Naturales Protegidas & Grupo Tortuguero de Bahía de los Ángeles ,juvenile
513,2013,75.6,81,50,Comisión Nacional de Áreas Naturales Protegidas & Grupo Tortuguero de Bahía de los Ángeles ,juvenile
514,2013,69.5,75,45,Comisión Nacional de Áreas Naturales Protegidas & Grupo Tortuguero de Bahía de los Ángeles ,juvenile
515,2013,68.6,74.25,44,Comisión Nacional de Áreas Naturales Protegidas & Grupo Tortuguero de Bahía de los Ángeles ,juvenile
516,2013,57,62,29,Comisión Nacional de Áreas Naturales Protegidas & Grupo Tortuguero de Bahía de los Ángeles ,juvenile
517,2013,64,69,36,Comisión Nacional de Áreas Naturales Protegidas & Grupo Tortuguero de Bahía de los Ángeles ,juvenile
518,2013,69.8,75,56,Comisión Nacional de Áreas Naturales Protegidas & Grupo Tortuguero de Bahía de los Ángeles ,juvenile
519,2013,64,68.5,36.2,Comisión Nacional de Áreas Naturales Protegidas & Grupo Tortuguero de Bahía de los Ángeles ,juvenile
520,2013,67,70.5,38,Comisión Nacional de Áreas Naturales Protegidas & Grupo Tortuguero de Bahía de los Ángeles ,juvenile
521,2013,86.5,94,90.5,Comisión Nacional de Áreas Naturales Protegidas & Grupo Tortuguero de Bahía de los Ángeles ,adult
522,2013,88.2,94,86.5,Comisión Nacional de Áreas Naturales Protegidas & Grupo Tortuguero de Bahía de los Ángeles ,adult
523,2013,81,89,73.5,Comisión Nacional de Áreas Naturales Protegidas & Grupo Tortuguero de Bahía de los Ángeles ,adult
524,2013,69,73.3,44,Comisión Nacional de Áreas Naturales Protegidas & Grupo Tortuguero de Bahía de los Ángeles ,juvenile
525,2013,79.5,86,76.5,Comisión Nacional de Áreas Naturales Protegidas & Grupo Tortuguero de Bahía de los Ángeles ,adult
526,2013,74,80,55,Comisión Nacional de Áreas Naturales Protegidas & Grupo Tortuguero de Bahía de los Ángeles ,juvenile
527,2013,85.5,94,98,Comisión Nacional de Áreas Naturales Protegidas & Grupo Tortuguero de Bahía de los Ángeles ,adult
528,2013,69,75,44,Comisión Nacional de Áreas Naturales Protegidas & Grupo Tortuguero de Bahía de los Ángeles ,juvenile
529,2013,61.85,70,34.8,Comisión Nacional de Áreas Naturales Protegidas & Grupo Tortuguero de Bahía de los Ángeles ,juvenile
530,2013,63,68,31.2,Comisión Nacional de Áreas Naturales Protegidas & Grupo Tortuguero de Bahía de los Ángeles ,juvenile
531,2013,79,87,75,Comisión Nacional de Áreas Naturales Protegidas & Grupo Tortuguero de Bahía de los Ángeles ,adult
532,2013,63.85,67.25,36.2,Comisión Nacional de Áreas Naturales Protegidas & Grupo Tortuguero de Bahía de los Ángeles ,juvenile
533,2013,59.35,64,29.8,Comisión Nacional de Áreas Naturales Protegidas & Grupo Tortuguero de Bahía de los Ángeles ,juvenile
534,2013,73,80,47.2,Comisión Nacional de Áreas Naturales Protegidas & Grupo Tortuguero de Bahía de los Ángeles ,juvenile
535,2013,74,81,59,Comisión Nacional de Áreas Naturales Protegidas & Grupo Tortuguero de Bahía de los Ángeles ,juvenile
536,2013,68.5,72,42,Comisión Nacional de Áreas Naturales Protegidas & Grupo Tortuguero de Bahía de los Ángeles ,juvenile
537,2013,75.26,80.75,62,Comisión Nacional de Áreas Naturales Protegidas & Grupo Tortuguero de Bahía de los Ángeles ,juvenile
538,2013,66.5,69,33.8,Comisión Nacional de Áreas Naturales Protegidas & Grupo Tortuguero de Bahía de los Ángeles ,juvenile
539,2013,85.25,91,53,Comisión Nacional de Áreas Naturales Protegidas & Grupo Tortuguero de Bahía de los Ángeles ,adult
540,2013,85.15,91,40,Comisión Nacional de Áreas Naturales Protegidas & Grupo Tortuguero de Bahía de los Ángeles ,adult
541,2013,64.5,69,38,Comisión Nacional de Áreas Naturales Protegidas & Grupo Tortuguero de Bahía de los Ángeles ,juvenile
542,2013,73.5,78.5,60,Comisión Nacional de Áreas Naturales Protegidas & Grupo Tortuguero de Bahía de los Ángeles ,juvenile
543,2013,71.9,78,51,Comisión Nacional de Áreas Naturales Protegidas & Grupo Tortuguero de Bahía de los Ángeles ,juvenile
544,2013,65.75,69.25,36,Comisión Nacional de Áreas Naturales Protegidas & Grupo Tortuguero de Bahía de los Ángeles ,juvenile
545,2013,71.5,75.5,42,Comisión Nacional de Áreas Naturales Protegidas & Grupo Tortuguero de Bahía de los Ángeles ,juvenile
546,2013,84.7,90,75.5,Comisión Nacional de Áreas Naturales Protegidas & Grupo Tortuguero de Bahía de los Ángeles ,adult
547,2013,81.66,88.5,72.7,Comisión Nacional de Áreas Naturales Protegidas & Grupo Tortuguero de Bahía de los Ángeles ,adult
548,2013,65.5,70,38,Comisión Nacional de Áreas Naturales Protegidas & Grupo Tortuguero de Bahía de los Ángeles ,juvenile
549,2013,84,90,40,Comisión Nacional de Áreas Naturales Protegidas & Grupo Tortuguero de Bahía de los Ángeles ,adult
550,2013,68.7,74,45,Comisión Nacional de Áreas Naturales Protegidas & Grupo Tortuguero de Bahía de los Ángeles ,juvenile
551,2014,65.3,71,35.7,Comisión Nacional de Áreas Naturales Protegidas & Grupo Tortuguero de Bahía de los Ángeles ,juvenile
552,2014,66.5,71,43,Comisión Nacional de Áreas Naturales Protegidas & Grupo Tortuguero de Bahía de los Ángeles ,juvenile
553,2014,68.5,74,47,Comisión Nacional de Áreas Naturales Protegidas & Grupo Tortuguero de Bahía de los Ángeles ,juvenile
554,2014,57.1,61.4,27,Comisión Nacional de Áreas Naturales Protegidas & Grupo Tortuguero de Bahía de los Ángeles ,juvenile
555,2014,66,70,40,Comisión Nacional de Áreas Naturales Protegidas & Grupo Tortuguero de Bahía de los Ángeles ,juvenile
556,2014,65.6,70.7,39,Comisión Nacional de Áreas Naturales Protegidas & Grupo Tortuguero de Bahía de los Ángeles ,juvenile
557,2014,63.9,69.2,35,Comisión Nacional de Áreas Naturales Protegidas & Grupo Tortuguero de Bahía de los Ángeles ,juvenile
558,2014,72,77.2,51,Comisión Nacional de Áreas Naturales Protegidas & Grupo Tortuguero de Bahía de los Ángeles ,juvenile
559,2014,66.6,72.5,41,Comisión Nacional de Áreas Naturales Protegidas & Grupo Tortuguero de Bahía de los Ángeles ,juvenile
560,2014,66.2,70.7,40,Comisión Nacional de Áreas Naturales Protegidas & Grupo Tortuguero de Bahía de los Ángeles ,juvenile
561,2014,67,73,42,Comisión Nacional de Áreas Naturales Protegidas & Grupo Tortuguero de Bahía de los Ángeles ,juvenile
562,2014,77.5,83,73,Comisión Nacional de Áreas Naturales Protegidas & Grupo Tortuguero de Bahía de los Ángeles ,adult
563,2014,81,85.5,85,Comisión Nacional de Áreas Naturales Protegidas & Grupo Tortuguero de Bahía de los Ángeles ,adult
564,2014,80.6,86,75,Comisión Nacional de Áreas Naturales Protegidas & Grupo Tortuguero de Bahía de los Ángeles ,adult
565,2014,79,85.2,55,Comisión Nacional de Áreas Naturales Protegidas & Grupo Tortuguero de Bahía de los Ángeles ,adult
566,2014,80.7,88.4,71,Comisión Nacional de Áreas Naturales Protegidas & Grupo Tortuguero de Bahía de los Ángeles ,adult
567,2014,73.4,79.1,53,Comisión Nacional de Áreas Naturales Protegidas & Grupo Tortuguero de Bahía de los Ángeles ,juvenile
568,2014,79,86,70,Comisión Nacional de Áreas Naturales Protegidas & Grupo Tortuguero de Bahía de los Ángeles ,adult
569,2014,64,67,34,Comisión Nacional de Áreas Naturales Protegidas & Grupo Tortuguero de Bahía de los Ángeles ,juvenile
570,2014,81,85,76,Comisión Nacional de Áreas Naturales Protegidas & Grupo Tortuguero de Bahía de los Ángeles ,adult
571,2014,82,87,75,Comisión Nacional de Áreas Naturales Protegidas & Grupo Tortuguero de Bahía de los Ángeles ,adult
572,2014,60,65,30,Comisión Nacional de Áreas Naturales Protegidas & Grupo Tortuguero de Bahía de los Ángeles ,juvenile
573,2014,66,72,47,Comisión Nacional de Áreas Naturales Protegidas & Grupo Tortuguero de Bahía de los Ángeles ,juvenile
574,2014,66,71,47,Comisión Nacional de Áreas Naturales Protegidas & Grupo Tortuguero de Bahía de los Ángeles ,juvenile
575,2014,68,74,42,Comisión Nacional de Áreas Naturales Protegidas & Grupo Tortuguero de Bahía de los Ángeles ,juvenile
576,2014,65,71,36,Comisión Nacional de Áreas Naturales Protegidas & Grupo Tortuguero de Bahía de los Ángeles ,juvenile
577,2014,68,73,39,Comisión Nacional de Áreas Naturales Protegidas & Grupo Tortuguero de Bahía de los Ángeles ,juvenile
578,2014,72,77,47,Comisión Nacional de Áreas Naturales Protegidas & Grupo Tortuguero de Bahía de los Ángeles ,juvenile
579,2014,72,78,44,Comisión Nacional de Áreas Naturales Protegidas & Grupo Tortuguero de Bahía de los Ángeles ,juvenile
580,2014,73,79,47,Comisión Nacional de Áreas Naturales Protegidas & Grupo Tortuguero de Bahía de los Ángeles ,juvenile
581,2014,70,75,43,Comisión Nacional de Áreas Naturales Protegidas & Grupo Tortuguero de Bahía de los Ángeles ,juvenile
582,2014,69,74,43,Comisión Nacional de Áreas Naturales Protegidas & Grupo Tortuguero de Bahía de los Ángeles ,juvenile
583,2014,64,69,36,Comisión Nacional de Áreas Naturales Protegidas & Grupo Tortuguero de Bahía de los Ángeles ,juvenile
584,2014,74,79,50,Comisión Nacional de Áreas Naturales Protegidas & Grupo Tortuguero de Bahía de los Ángeles ,juvenile
585,2014,78,84,69,Comisión Nacional de Áreas Naturales Protegidas & Grupo Tortuguero de Bahía de los Ángeles ,adult
586,2014,78,83,62,Comisión Nacional de Áreas Naturales Protegidas & Grupo Tortuguero de Bahía de los Ángeles ,adult
587,2014,75,81,52,Comisión Nacional de Áreas Naturales Protegidas & Grupo Tortuguero de Bahía de los Ángeles ,juvenile
588,2014,80,86,71,Comisión Nacional de Áreas Naturales Protegidas & Grupo Tortuguero de Bahía de los Ángeles ,adult
589,2014,86,92,82,Comisión Nacional de Áreas Naturales Protegidas & Grupo Tortuguero de Bahía de los Ángeles ,adult
590,2014,64,69,31,Comisión Nacional de Áreas Naturales Protegidas & Grupo Tortuguero de Bahía de los Ángeles ,juvenile
591,2014,79,85,65,Comisión Nacional de Áreas Naturales Protegidas & Grupo Tortuguero de Bahía de los Ángeles ,adult
592,2014,72,77,55,Comisión Nacional de Áreas Naturales Protegidas & Grupo Tortuguero de Bahía de los Ángeles ,juvenile
593,2014,67,73,43,Comisión Nacional de Áreas Naturales Protegidas & Grupo Tortuguero de Bahía de los Ángeles ,juvenile
594,2014,68,72,42,Comisión Nacional de Áreas Naturales Protegidas & Grupo Tortuguero de Bahía de los Ángeles ,juvenile
595,2014,88,95,81,Comisión Nacional de Áreas Naturales Protegidas & Grupo Tortuguero de Bahía de los Ángeles ,adult
596,2014,80,88,71,Comisión Nacional de Áreas Naturales Protegidas & Grupo Tortuguero de Bahía de los Ángeles ,adult
597,2014,79,85,65,Comisión Nacional de Áreas Naturales Protegidas & Grupo Tortuguero de Bahía de los Ángeles ,adult
598,2014,65,70,35,Comisión Nacional de Áreas Naturales Protegidas & Grupo Tortuguero de Bahía de los Ángeles ,juvenile
599,2014,71,76,45,Comisión Nacional de Áreas Naturales Protegidas & Grupo Tortuguero de Bahía de los Ángeles ,juvenile
600,2014,68,73,41,Comisión Nacional de Áreas Naturales Protegidas & Grupo Tortuguero de Bahía de los Ángeles ,juvenile
601,2014,67,71,39,Comisión Nacional de Áreas Naturales Protegidas & Grupo Tortuguero de Bahía de los Ángeles ,juvenile
602,2014,78,87,62,Comisión Nacional de Áreas Naturales Protegidas & Grupo Tortuguero de Bahía de los Ángeles ,adult
603,2014,66,71,37,Comisión Nacional de Áreas Naturales Protegidas & Grupo Tortuguero de Bahía de los Ángeles ,juvenile
604,2014,65,71,39,Comisión Nacional de Áreas Naturales Protegidas & Grupo Tortuguero de Bahía de los Ángeles ,juvenile
605,2014,70,75,45,Comisión Nacional de Áreas Naturales Protegidas & Grupo Tortuguero de Bahía de los Ángeles ,juvenile
606,2014,83,87,82,Comisión Nacional de Áreas Naturales Protegidas & Grupo Tortuguero de Bahía de los Ángeles ,adult
607,2014,75,80,60,Comisión Nacional de Áreas Naturales Protegidas & Grupo Tortuguero de Bahía de los Ángeles ,juvenile
608,2014,69,75,43,Comisión Nacional de Áreas Naturales Protegidas & Grupo Tortuguero de Bahía de los Ángeles ,juvenile
609,2014,70,75,45,Comisión Nacional de Áreas Naturales Protegidas & Grupo Tortuguero de Bahía de los Ángeles ,juvenile
610,2014,66,70,39,Comisión Nacional de Áreas Naturales Protegidas & Grupo Tortuguero de Bahía de los Ángeles ,juvenile
611,2014,70,76,38,Comisión Nacional de Áreas Naturales Protegidas & Grupo Tortuguero de Bahía de los Ángeles ,juvenile
612,2014,69,74,44,Comisión Nacional de Áreas Naturales Protegidas & Grupo Tortuguero de Bahía de los Ángeles ,juvenile
613,2015,90,93.7,98,Comisión Nacional de Áreas Naturales Protegidas & Grupo Tortuguero de Bahía de los Ángeles ,adult
614,2015,69,72,41.7,Comisión Nacional de Áreas Naturales Protegidas & Grupo Tortuguero de Bahía de los Ángeles ,juvenile
615,2015,68,73,49.1,Comisión Nacional de Áreas Naturales Protegidas & Grupo Tortuguero de Bahía de los Ángeles ,juvenile
616,2015,67,71,42.4,Comisión Nacional de Áreas Naturales Protegidas & Grupo Tortuguero de Bahía de los Ángeles ,juvenile
617,2015,65.5,68,36.5,Comisión Nacional de Áreas Naturales Protegidas & Grupo Tortuguero de Bahía de los Ángeles ,juvenile
618,2015,72,82,57,Comisión Nacional de Áreas Naturales Protegidas & Grupo Tortuguero de Bahía de los Ángeles ,juvenile
619,2015,83,89.7,75,Comisión Nacional de Áreas Naturales Protegidas & Grupo Tortuguero de Bahía de los Ángeles ,adult
620,2015,73,80,59.3,Comisión Nacional de Áreas Naturales Protegidas & Grupo Tortuguero de Bahía de los Ángeles ,juvenile
621,2015,93,97,116,Comisión Nacional de Áreas Naturales Protegidas & Grupo Tortuguero de Bahía de los Ángeles ,adult
622,2015,69,73,42,Comisión Nacional de Áreas Naturales Protegidas & Grupo Tortuguero de Bahía de los Ángeles ,juvenile
623,2015,74,80,56.9,Comisión Nacional de Áreas Naturales Protegidas & Grupo Tortuguero de Bahía de los Ángeles ,juvenile
624,2015,71,75,48,Comisión Nacional de Áreas Naturales Protegidas & Grupo Tortuguero de Bahía de los Ángeles ,juvenile
625,2015,72,76,49,Comisión Nacional de Áreas Naturales Protegidas & Grupo Tortuguero de Bahía de los Ángeles ,juvenile
626,2015,77,84,70,Comisión Nacional de Áreas Naturales Protegidas & Grupo Tortuguero de Bahía de los Ángeles ,adult
627,2015,63.5,69,40,Comisión Nacional de Áreas Naturales Protegidas & Grupo Tortuguero de Bahía de los Ángeles ,juvenile
628,2015,77,81,57.3,Comisión Nacional de Áreas Naturales Protegidas & Grupo Tortuguero de Bahía de los Ángeles ,juvenile
629,2015,58,63,30,Comisión Nacional de Áreas Naturales Protegidas & Grupo Tortuguero de Bahía de los Ángeles ,juvenile
630,2015,61.8,66,26.3,Comisión Nacional de Áreas Naturales Protegidas & Grupo Tortuguero de Bahía de los Ángeles ,juvenile
631,2015,84,92,80.1,Comisión Nacional de Áreas Naturales Protegidas & Grupo Tortuguero de Bahía de los Ángeles ,adult
632,2015,63.2,68,31.6,Comisión Nacional de Áreas Naturales Protegidas & Grupo Tortuguero de Bahía de los Ángeles ,juvenile
633,2015,81.1,87,89.1,Comisión Nacional de Áreas Naturales Protegidas & Grupo Tortuguero de Bahía de los Ángeles ,adult
634,2015,70,75,44.2,Comisión Nacional de Áreas Naturales Protegidas & Grupo Tortuguero de Bahía de los Ángeles ,juvenile
635,2015,72.8,78.3,47.1,Comisión Nacional de Áreas Naturales Protegidas & Grupo Tortuguero de Bahía de los Ángeles ,juvenile
636,2015,73.2,78.8,49.9,Comisión Nacional de Áreas Naturales Protegidas & Grupo Tortuguero de Bahía de los Ángeles ,juvenile
637,2015,69.7,76.1,47.6,Comisión Nacional de Áreas Naturales Protegidas & Grupo Tortuguero de Bahía de los Ángeles ,juvenile
638,2015,73.2,79,51.3,Comisión Nacional de Áreas Naturales Protegidas & Grupo Tortuguero de Bahía de los Ángeles ,juvenile
639,2015,67,72,40,Comisión Nacional de Áreas Naturales Protegidas & Grupo Tortuguero de Bahía de los Ángeles ,juvenile
640,2018,87,93.5,108,Comisión Nacional de Áreas Naturales Protegidas & Grupo Tortuguero de Bahía de los Ángeles ,adult
641,2018,64,68.5,40.5,Comisión Nacional de Áreas Naturales Protegidas & Grupo Tortuguero de Bahía de los Ángeles ,juvenile
642,2018,67.5,73.6,45,Comisión Nacional de Áreas Naturales Protegidas & Grupo Tortuguero de Bahía de los Ángeles ,juvenile
643,2018,73.5,79,56,Comisión Nacional de Áreas Naturales Protegidas & Grupo Tortuguero de Bahía de los Ángeles ,juvenile
644,2018,60,65,30,Comisión Nacional de Áreas Naturales Protegidas & Grupo Tortuguero de Bahía de los Ángeles ,juvenile
645,2018,71,75.5,53,Comisión Nacional de Áreas Naturales Protegidas & Grupo Tortuguero de Bahía de los Ángeles ,juvenile
646,2018,65.5,69.5,41,Comisión Nacional de Áreas Naturales Protegidas & Grupo Tortuguero de Bahía de los Ángeles ,juvenile
647,2018,69.7,75,46.8,Comisión Nacional de Áreas Naturales Protegidas & Grupo Tortuguero de Bahía de los Ángeles ,juvenile
648,2018,70.5,75,47.8,Comisión Nacional de Áreas Naturales Protegidas & Grupo Tortuguero de Bahía de los Ángeles ,juvenile
649,2018,81.5,88,79,Comisión Nacional de Áreas Naturales Protegidas & Grupo Tortuguero de Bahía de los Ángeles ,adult
650,2018,83.5,90,63.4,Comisión Nacional de Áreas Naturales Protegidas & Grupo Tortuguero de Bahía de los Ángeles ,adult
651,2018,72.2,79,50.3,Comisión Nacional de Áreas Naturales Protegidas & Grupo Tortuguero de Bahía de los Ángeles ,juvenile
652,2018,74.5,81.5,68.5,Comisión Nacional de Áreas Naturales Protegidas & Grupo Tortuguero de Bahía de los Ángeles ,juvenile
653,2018,71.3,77,47.5,Comisión Nacional de Áreas Naturales Protegidas & Grupo Tortuguero de Bahía de los Ángeles ,juvenile
654,2018,82,88.5,69,Comisión Nacional de Áreas Naturales Protegidas & Grupo Tortuguero de Bahía de los Ángeles ,adult
655,2018,64.3,70,42.6,Comisión Nacional de Áreas Naturales Protegidas & Grupo Tortuguero de Bahía de los Ángeles ,juvenile
656,2018,58,63,27,Comisión Nacional de Áreas Naturales Protegidas & Grupo Tortuguero de Bahía de los Ángeles ,juvenile
657,2018,53.6,59,20.5,Comisión Nacional de Áreas Naturales Protegidas & Grupo Tortuguero de Bahía de los Ángeles ,juvenile
658,2018,101,107,134.7,Comisión Nacional de Áreas Naturales Protegidas & Grupo Tortuguero de Bahía de los Ángeles ,adult
659,2018,73,78,47.5,Comisión Nacional de Áreas Naturales Protegidas & Grupo Tortuguero de Bahía de los Ángeles ,juvenile
660,2018,72.5,79,56.7,Comisión Nacional de Áreas Naturales Protegidas & Grupo Tortuguero de Bahía de los Ángeles ,juvenile
661,2018,58.8,62,29.1,Comisión Nacional de Áreas Naturales Protegidas & Grupo Tortuguero de Bahía de los Ángeles ,juvenile
662,2018,71.5,77,41.8,Comisión Nacional de Áreas Naturales Protegidas & Grupo Tortuguero de Bahía de los Ángeles ,juvenile
663,2018,74.8,80.5,50.2,Comisión Nacional de Áreas Naturales Protegidas & Grupo Tortuguero de Bahía de los Ángeles ,juvenile
664,2018,68.2,74,41,Comisión Nacional de Áreas Naturales Protegidas & Grupo Tortuguero de Bahía de los Ángeles ,juvenile
665,2018,76.3,81,71,Comisión Nacional de Áreas Naturales Protegidas & Grupo Tortuguero de Bahía de los Ángeles ,juvenile
666,2018,58.5,62,25.9,Comisión Nacional de Áreas Naturales Protegidas & Grupo Tortuguero de Bahía de los Ángeles ,juvenile
667,2018,64,68,34.9,Comisión Nacional de Áreas Naturales Protegidas & Grupo Tortuguero de Bahía de los Ángeles ,juvenile
668,2018,70,75,43.4,Comisión Nacional de Áreas Naturales Protegidas & Grupo Tortuguero de Bahía de los Ángeles ,juvenile
669,2018,75.2,81,56,Comisión Nacional de Áreas Naturales Protegidas & Grupo Tortuguero de Bahía de los Ángeles ,juvenile
670,2018,62,71,36,Comisión Nacional de Áreas Naturales Protegidas & Grupo Tortuguero de Bahía de los Ángeles ,juvenile
671,2018,67,72,37.6,Comisión Nacional de Áreas Naturales Protegidas & Grupo Tortuguero de Bahía de los Ángeles ,juvenile
672,2018,62.5,67,33.8,Comisión Nacional de Áreas Naturales Protegidas & Grupo Tortuguero de Bahía de los Ángeles ,juvenile
673,2018,70,75,52.2,Comisión Nacional de Áreas Naturales Protegidas & Grupo Tortuguero de Bahía de los Ángeles ,juvenile
674,2018,73.2,75,52.5,Comisión Nacional de Áreas Naturales Protegidas & Grupo Tortuguero de Bahía de los Ángeles ,juvenile
675,2018,62,66,32.1,Comisión Nacional de Áreas Naturales Protegidas & Grupo Tortuguero de Bahía de los Ángeles ,juvenile
676,2018,67.1,73,46.2,Comisión Nacional de Áreas Naturales Protegidas & Grupo Tortuguero de Bahía de los Ángeles ,juvenile
677,2018,60.8,66,30,Comisión Nacional de Áreas Naturales Protegidas & Grupo Tortuguero de Bahía de los Ángeles ,juvenile
678,2018,90.5,99,98.2,Comisión Nacional de Áreas Naturales Protegidas & Grupo Tortuguero de Bahía de los Ángeles ,adult
679,2018,62.5,80,34.5,Comisión Nacional de Áreas Naturales Protegidas & Grupo Tortuguero de Bahía de los Ángeles ,juvenile
680,2018,66.2,75.5,48.5,Comisión Nacional de Áreas Naturales Protegidas & Grupo Tortuguero de Bahía de los Ángeles ,juvenile
681,2018,73,80,50.2,Comisión Nacional de Áreas Naturales Protegidas & Grupo Tortuguero de Bahía de los Ángeles ,juvenile
682,2018,63.3,67,30.6,Comisión Nacional de Áreas Naturales Protegidas & Grupo Tortuguero de Bahía de los Ángeles ,juvenile
683,2018,73.4,80,57.5,Comisión Nacional de Áreas Naturales Protegidas & Grupo Tortuguero de Bahía de los Ángeles ,juvenile
684,2018,81,86.5,72.2,Comisión Nacional de Áreas Naturales Protegidas & Grupo Tortuguero de Bahía de los Ángeles ,adult
685,2018,83.6,89,94.5,Comisión Nacional de Áreas Naturales Protegidas & Grupo Tortuguero de Bahía de los Ángeles ,adult
686,2018,54,71,37.9,Comisión Nacional de Áreas Naturales Protegidas & Grupo Tortuguero de Bahía de los Ángeles ,juvenile
687,2018,68,72.5,32.5,Comisión Nacional de Áreas Naturales Protegidas & Grupo Tortuguero de Bahía de los Ángeles ,juvenile
688,2018,68.5,74,47.5,Comisión Nacional de Áreas Naturales Protegidas & Grupo Tortuguero de Bahía de los Ángeles ,juvenile
689,2018,60,64.5,27,Comisión Nacional de Áreas Naturales Protegidas & Grupo Tortuguero de Bahía de los Ángeles ,juvenile
690,2018,72,78,49.2,Comisión Nacional de Áreas Naturales Protegidas & Grupo Tortuguero de Bahía de los Ángeles ,juvenile
691,2018,69.2,73,43.9,Comisión Nacional de Áreas Naturales Protegidas & Grupo Tortuguero de Bahía de los Ángeles ,juvenile
692,2018,63,68,38,Comisión Nacional de Áreas Naturales Protegidas & Grupo Tortuguero de Bahía de los Ángeles ,juvenile
693,2018,81,88,68.8,Comisión Nacional de Áreas Naturales Protegidas & Grupo Tortuguero de Bahía de los Ángeles ,adult
694,2018,66,70,36.6,Comisión Nacional de Áreas Naturales Protegidas & Grupo Tortuguero de Bahía de los Ángeles ,juvenile
695,2018,64.2,68.5,34.4,Comisión Nacional de Áreas Naturales Protegidas & Grupo Tortuguero de Bahía de los Ángeles ,juvenile
696,2018,70.5,76,42.2,Comisión Nacional de Áreas Naturales Protegidas & Grupo Tortuguero de Bahía de los Ángeles ,juvenile
697,2018,89,94,81.5,Comisión Nacional de Áreas Naturales Protegidas & Grupo Tortuguero de Bahía de los Ángeles ,adult
698,2018,82.2,88,70.6,Comisión Nacional de Áreas Naturales Protegidas & Grupo Tortuguero de Bahía de los Ángeles ,adult
699,2018,70,74,44,Comisión Nacional de Áreas Naturales Protegidas & Grupo Tortuguero de Bahía de los Ángeles ,juvenile
700,2018,65,70,42.6,Comisión Nacional de Áreas Naturales Protegidas & Grupo Tortuguero de Bahía de los Ángeles ,juvenile
701,2018,70,75,44,Comisión Nacional de Áreas Naturales Protegidas & Grupo Tortuguero de Bahía de los Ángeles ,juvenile
702,2018,62,65,29.5,Comisión Nacional de Áreas Naturales Protegidas & Grupo Tortuguero de Bahía de los Ángeles ,juvenile
703,2018,67,73,41.3,Comisión Nacional de Áreas Naturales Protegidas & Grupo Tortuguero de Bahía de los Ángeles ,juvenile
